log10_MI,log10_MGUT,max_frac_mismatch,alpha_GUT,tau_p_eppi0_years
9.0,15.36636372889969,0.0463895317029572,0.023584351770483986,8.400923121874431e+32
9.037735849056604,15.371709664090053,0.045432522696573184,0.023582475043158257,8.826324129171044e+32
9.075471698113208,15.377058971853064,0.044475602522378595,0.02358059733609478,9.273555286406288e+32
9.11320754716981,15.38241162788264,0.04351877175115364,0.023578718658922998,9.743749117935697e+32
9.150943396226415,15.387767608136613,0.042562030947288915,0.023576839021169235,1.0238097444603568e+33
9.18867924528302,15.393126888833736,0.041605380668731096,0.02357495843226048,1.0757854513094546e+33
9.226415094339623,15.398489446448767,0.04064882146726517,0.023573076901523483,1.1304340291393683e+33
9.264150943396226,15.403855257709251,0.03969235388846784,0.02357119443818851,1.1878943939562666e+33
9.30188679245283,15.40922429959272,0.03873597847180972,0.023569311051388382,1.248312746512045e+33
9.339622641509434,15.414596549321516,0.03777969575080525,0.023567426750161977,1.3118429572568945e+33
9.377358490566039,15.419971984360725,0.036823506253016385,0.02356554154345399,1.3786469718074244e+33
9.415094339622641,15.425350582414127,0.03586741050019959,0.023563655440116956,1.448895237970633e+33
9.452830188679245,15.430732321420786,0.03491140900832321,0.023561768448912553,1.5227671555073305e+33
9.49056603773585,15.436117179551927,0.03395550228769405,0.023559880578512653,1.6004515498498183e+33
9.528301886792454,15.441505135207336,0.0329996908430447,0.02355799183750068,1.6821471710457375e+33
9.566037735849056,15.44689616701293,0.0320439751735412,0.02355610223437279,1.7680632193046257e+33
9.60377358490566,15.452290253816667,0.031088355772914987,0.023554211777539098,1.8584198985296808e+33
9.641509433962264,15.4576873746862,0.030132833129529597,0.023552320475324986,1.9534489993874837e+33
9.679245283018869,15.46308750890533,0.029177407726450645,0.023550428335971905,2.0533945134532965e+33
9.716981132075471,15.468490635971635,0.028222080041471684,0.02354853536763902,2.1585132801383442e+33
9.754716981132075,15.473896735592499,0.0272668505472757,0.023546641578403887,2.269075668107364e+33
9.79245283018868,15.479305787683487,0.02631171971142259,0.023544746976263766,2.3853662931132103e+33
9.830188679245284,15.484717772364544,0.025356687996428894,0.023542851569136766,2.507684774113883e+33
9.867924528301886,15.490132669957703,0.024401755859893584,0.023540955364862767,2.6363465298024724e+33
9.90566037735849,15.495550460984383,0.023446923754468725,0.023539058371204458,2.771683617681023e+33
9.943396226415095,15.500971126162423,0.022492192128006332,0.023537160595848573,2.9140456179652406e+33
9.981132075471699,15.5063946464035,0.021537561423577524,0.023535262046406644,3.0638005647444397e+33
10.018867924528301,15.511821002810597,0.02058303207954592,0.02353336273041606,3.221335926929558e+33
10.056603773584905,15.517250176675622,0.019628604529642404,0.02353146265534144,3.387059641668963e+33
10.09433962264151,15.522682149476223,0.018674279202975954,0.02352956182857518,3.5614012030236716e+33
10.132075471698114,15.528116902874828,0.0177200565241593,0.02352766025743785,3.744812808971034e+33
10.169811320754716,15.5335544187141,0.016765936913319724,0.023525757949180645,3.9377705696844765e+33
10.20754716981132,15.538994679016083,0.015811920786182685,0.023523854910984996,4.1407757806293593e+33
10.245283018867925,15.544437665979679,0.014858008554092458,0.02352195114996408,4.3543562637860844e+33
10.283018867924529,15.549883361977502,0.013904200624113372,0.023520046673163455,4.5790677806952426e+33
10.320754716981131,15.555331749554751,0.012950497399062825,0.023518141487561598,4.815495521301284e+33
10.358490566037736,15.560782811426007,0.011996899277546514,0.023516235600071787,5.06425567251107e+33
10.39622641509434,15.56623653047368,0.011043406654029036,0.023514329017542007,5.32599707091943e+33
10.433962264150944,15.571692889745346,0.010090019918889791,0.023512421746756426,5.601402944115997e+33
10.471698113207546,15.577151872452022,0.009136739458474541,0.023510513794435268,5.891192745443704e+33
10.50943396226415,15.582613461965826,0.008183565655140279,0.02350860516723698,6.196124087172865e+33
10.547169811320755,15.588077641818053,0.007230498887282889,0.0235066958717578,6.516994777451441e+33
10.584905660377359,15.593544395697087,0.006277539529423034,0.023504785914533227,6.854644966597856e+33
10.622641509433961,15.599013707446243,0.005324687952233152,0.02350287530203851,7.209959408640482e+33
10.660377358490566,15.604485561062265,0.004371944522588796,0.023500964040689538,7.583869844372347e+33
10.69811320754717,15.609959940692908,0.0034193096036038255,0.023499052136843484,7.977357512377823e+33
10.735849056603774,15.61543683063488,0.0024667835547204126,0.023497139596799752,8.391455795020239e+33
10.773584905660377,15.62091621533309,0.001570021501790284,0.023495226426800235,8.827253006763854e+33
10.81132075471698,15.626398079377351,0.0010888853842463703,0.023493312633030703,9.285895332220351e+33
10.849056603773585,15.63188240750145,0.0009979406321018393,0.02349139822162055,9.768589922388193e+33
10.88679245283019,15.637369184581235,0.0014689988156482456,0.023489483198644644,1.0276608157377498e+34
10.924528301886792,15.642858395632603,0.002294201312701638,0.02348756757012333,1.081128908468356e+34
10.962264150943396,15.648350025810107,0.0032460667952932676,0.023485651342022604,1.1374043042571277e+34
11.0,15.653844060404712,0.0041978209919659015,0.0234837345202562,1.1966355478435607e+34
11.037735849056604,15.659340484843002,0.005149463571391934,0.02348181711068461,1.2589790972929102e+34
11.075471698113208,15.664839284684817,0.006100994205583662,0.023479899119116885,1.3245997480666606e+34
11.11320754716981,15.670340445621333,0.00705241256981393,0.023477980551310885,1.3936710799431268e+34
11.150943396226415,15.67584395347452,0.008003718342620914,0.02347606141297401,1.4663759280391572e+34
11.18867924528302,15.681349794194897,0.008954911205754694,0.023474141709762975,1.5429068791998268e+34
11.226415094339622,15.686857953859713,0.009905990844143384,0.02347222144728625,1.62346679515376e+34
11.264150943396226,15.692368418672107,0.01085695694583274,0.023470300631102566,1.708269363895968e+34
11.30188679245283,15.697881174959106,0.011807809201988357,0.02346837926672259,1.7975396807946198e+34
11.339622641509434,15.70339620917033,0.012758547306847962,0.023466457359610074,1.8915148610606324e+34
11.377358490566039,15.708913507876442,0.013709170957645183,0.02346453491518076,1.99044468526599e+34
11.415094339622641,15.714433057767963,0.014659679854659685,0.023462611938804313,2.0945922797118803e+34
11.452830188679245,15.719954845652993,0.0156100737010689,0.02346068843580459,2.2042348335103766e+34
11.49056603773585,15.725478858457299,0.016560352203035332,0.023458764411459734,2.3196643544365323e+34
11.528301886792452,15.731005083221673,0.017510515069611227,0.023456839871003294,2.441188465555771e+34
11.566037735849056,15.736533507100706,0.01846056201265168,0.023454914819623994,2.56913124491855e+34
11.60377358490566,15.742064117362373,0.01941049274692121,0.023452989262467142,2.7038341106538943e+34
11.641509433962264,15.747596901385897,0.020360306989932485,0.02345106320463449,2.845656753866308e+34
11.679245283018869,15.753131846660072,0.02131000446197846,0.023449136651185087,2.9949781219782714e+34
11.716981132075471,15.758668940783084,0.022259584886089784,0.02344720960713569,3.1521974552913173e+34
11.754716981132075,15.764208171460764,0.02320904798800937,0.02344528207746088,3.3177353795754546e+34
11.79245283018868,15.76974952650511,0.024158393496139467,0.02344335406709396,3.492035057776255e+34
11.830188679245282,15.775292993833142,0.02510762114154689,0.02344142558092763,3.6755634040560174e+34
11.867924528301886,15.780838561465924,0.026056730657909685,0.023439496623814168,3.86881236355503e+34
11.90566037735849,15.786386217527202,0.027005721781479843,0.023437567200565255,4.0723002614258586e+34
11.943396226415095,15.791935950242527,0.027954594251103387,0.02343563731595352,4.286573224937551e+34
11.981132075471699,15.797487747937142,0.02890334780811872,0.023433706974712875,4.512206682557771e+34
12.018867924528301,15.80304159903653,0.02985198219641146,0.023431776181537786,4.749806944355465e+34
12.056603773584905,15.808597492063225,0.03080049716229698,0.023429844941085166,5.0000128678875185e+34
12.09433962264151,15.814155415638032,0.031748892454606506,0.023427913257973693,5.2634976145658935e+34
12.132075471698112,15.819715358476452,0.03269716782452965,0.02342598113678516,5.540970501022433e+34
12.169811320754716,15.825277309389197,0.03364532302568659,0.023424048582064365,5.833178951048876e+34
12.20754716981132,15.830841257281664,0.034593357814088746,0.02342211559831913,6.140910553362178e+34
12.245283018867925,15.836407191150721,0.03554127194806157,0.023420182190021576,6.464995230843177e+34
12.283018867924529,15.84197510008562,0.036489065188279074,0.02341824836160805,6.8063075277006275e+34
12.320754716981131,15.847544973266306,0.03743673729770928,0.023416314117479787,7.165769020617607e+34
12.358490566037736,15.853116799962063,0.03838428804157036,0.02341437946200253,7.544350860789593e+34
12.39622641509434,15.858690569531298,0.03933171718737377,0.0234124443995081,7.943076454053543e+34
12.433962264150942,15.864266271419885,0.040279024504836766,0.023410508934293632,8.363024286462125e+34
12.471698113207546,15.869843895160438,0.04122620976586098,0.023408573070622926,8.805330903393445e+34
12.50943396226415,15.87542343037154,0.042173272744569175,0.02340663681272617,9.271194050505416e+34
12.547169811320755,15.881004866756525,0.043120213217214806,0.02340470016480043,9.761875985329775e+34
12.584905660377359,15.88658819410263,0.04406703096219087,0.02340276313101024,1.0278706968875556e+35
12.622641509433961,15.89217340228035,0.04501372576002749,0.023400825715487565,1.0823088947062217e+35
12.660377358490566,15.897760481242043,0.04596029739330577,0.023398887922332568,1.1396499432245612e+35
12.69811320754717,15.90334942102139,0.04690674564671556,0.02339694975561379,1.2000495595913396e+35
12.735849056603774,15.908940211732604,0.047853070306983415,0.02339501121936834,1.2636718583981867e+35
12.773584905660378,15.914532843569534,0.048799271162858045,0.02339307231760228,1.3306898066852438e+35
12.81132075471698,15.920127306804178,0.04974534800511149,0.02339113305429125,1.401285703699048e+35
12.849056603773585,15.925723591786628,0.05069130062649289,0.02338919343338052,1.47565168677936e+35
12.88679245283019,15.931321688944086,0.05163712882171097,0.023387253458785142,1.5539902647749474e+35
12.924528301886792,15.936921588780004,0.052582832387469906,0.02338531313439092,1.636514880504258e+35
12.962264150943396,15.942523281872589,0.05352841112232358,0.023383372464053975,1.7234505038377558e+35
13.0,15.948126758875532,0.05447386482680957,0.02338143145160137,1.8150342571197705e+35
13.037735849056602,15.953732010515568,0.05541919330332146,0.023379490100831513,1.9115160746144822e+35
13.075471698113208,15.95933902759266,0.05636439635611647,0.023377548415514614,2.01315939792834e+35
13.11320754716981,15.964947800979186,0.057309473791336295,0.023375606399392183,2.1202419093190346e+35
13.150943396226415,15.97055832161881,0.05825442541693253,0.02337366405617843,2.233056304973319e+35
13.18867924528302,15.976170580526201,0.059199251042684496,0.02337172138955955,2.35191111046279e+35
13.226415094339622,15.981784568785823,0.06014395048017278,0.02336977840319488,2.4771315406518094e+35
13.264150943396226,15.987400277551252,0.06108852354274079,0.023367835100716505,2.6090604065184182e+35
13.30188679245283,15.993017698045017,0.06203297004552566,0.023365891485729942,2.7480590714608673e+35
13.339622641509433,15.998636821557367,0.06297728980539566,0.023363947561814098,2.894508459760459e+35
13.377358490566039,16.00425763944561,0.06392148264094562,0.02336200333252185,3.048810120094783e+35
13.415094339622641,16.00988014313354,0.06486554837249779,0.023360058801380364,3.2113873471079835e+35
13.452830188679245,16.015504324110932,0.06580948682205917,0.02335811397189075,3.382686364216106e+35
13.49056603773585,16.021130173932388,0.06675329781332096,0.023356168847529044,3.56317757098466e+35
13.528301886792452,16.026757684217433,0.06769698117164367,0.02335422343174614,3.7533568586712226e+35
13.566037735849056,16.032386846648865,0.06864053672404091,0.023352277727968055,3.9537469975771234e+35
13.60377358490566,16.03801765297276,0.06958396429913752,0.023350331739596348,4.164899100254636e+35
13.641509433962263,16.04365009499811,0.07052726372721481,0.023348385470007935,4.387394164666817e+35
13.679245283018869,16.049284164595143,0.07147043484011265,0.023346438922556008,4.621844701638142e+35
13.716981132075471,16.0549198536962,0.07241347747128907,0.023344492100569266,4.868896451380318e+35
13.754716981132075,16.060557154293228,0.0733563914557655,0.023342545007353836,5.129230193727596e+35
13.79245283018868,16.06619605843919,0.07429917663012765,0.023340597646191473,5.403563657546503e+35
13.830188679245282,16.071836558246176,0.07524183283249287,0.023338650020341252,5.69265353443297e+35
13.867924528301888,16.077478645884643,0.07618435990252329,0.023336702133039386,5.997297602623537e+35
13.90566037735849,16.083122313583925,0.07712675768137037,0.023334753987499113,6.31833696719155e+35
13.943396226415095,16.088767553631005,0.07806902601171557,0.023332805586911445,6.656658422750359e+35
13.981132075471699,16.09441435836957,0.07901116473772395,0.023330856934445157,7.013196945496269e+35
14.018867924528301,16.100062720200274,0.07995317370501516,0.023328908033246956,7.388938321754995e+35
14.056603773584905,16.10571263157981,0.08089505276067828,0.023326958886441516,7.784921920388555e+35
14.09433962264151,16.111364085019886,0.08183680175326564,0.0233250094971327,8.202243617022239e+35
14.132075471698112,16.117017073087535,0.08277842053273174,0.023323059868401892,8.642058878544546e+35
14.169811320754718,16.122671588404167,0.08371990895048337,0.023321110003310205,9.105586016504472e+35
14.20754716981132,16.12832762364475,0.08466126685931999,0.023319159904897645,9.594109618781492e+35
14.245283018867925,16.133985171537663,0.08560249411342492,0.023317209576183207,1.0108984169382173e+36
14.283018867924529,16.13964422486434,0.08654359056838744,0.023315259020165263,1.0651637866639289e+36
14.320754716981131,16.145304776458424,0.0874845560811669,0.023313308239822528,1.1223576650693371e+36
14.358490566037736,16.1509668192051,0.08842539051004972,0.023311357238112798,1.1826388451820757e+36
14.39622641509434,16.156630346041354,0.08936609371471282,0.02330940601797425,1.2461747671852597e+36
14.433962264150942,16.162295349954473,0.09030666555613309,0.023307454582325436,1.3131419911216317e+36
14.471698113207548,16.167961823982274,0.09124710589662018,0.02330550293406515,1.3837266955493932e+36
14.50943396226415,16.173629761212656,0.09218741459980577,0.02330355107607294,1.4581252035529564e+36
14.547169811320755,16.1792991547823,0.09312759153059974,0.02330159901120911,1.5365445376086046e+36
14.584905660377359,16.184969997877417,0.09406763655521944,0.023299646742315036,1.619203004933833e+36
14.622641509433961,16.190642283732434,0.0950075495411572,0.023297694272213,1.7063308149430925e+36
14.660377358490566,16.196316005629416,0.09594733035715484,0.02329574160370718,1.7981707306151916e+36
14.69811320754717,16.201991156898618,0.09688697887322528,0.02329378873958285,1.894978755650358e+36
14.735849056603772,16.207667730916953,0.09782649496062533,0.023291835682606996,1.997024859335817e+36
14.773584905660378,16.21334572110773,0.09876587849181932,0.023289882435529034,2.1045937412507616e+36
14.81132075471698,16.219025120941147,0.09970512934055084,0.023287929001079767,2.217985638003559e+36
14.849056603773585,16.224705923932774,0.10064424738169928,0.023285975381972714,2.337517174261539e+36
14.88679245283019,16.23038812364345,0.1015832324914222,0.02328402158090342,2.4635222605820712e+36
14.924528301886792,16.23607171367906,0.1025220845470186,0.02328206760055047,2.5963530405952566e+36
14.962264150943396,16.241756687689964,0.10346080342696634,0.0232801134435749,2.736380890255688e+36
15.0,16.24744303937092,0.10439938901096733,0.023278159112620427,2.883997472051659e+36
